name,lat,lon
Novoborská,50.12628,14.498531
Klánovice,50.098976,14.685684
Štěpánská,50.075604,14.4234
Plošná,50.068466,14.517532
Čertův vršek,50.117233,14.474052
Jílovská,50.026634,14.430116
Bečovská,50.043114,14.586886
Pod Královkou,50.08575,14.37884
Pod Lipkami,50.07296,14.373112
Stachova,50.0353,14.531261
U Háje,50.042213,14.420488
Balabenka,50.104023,14.482588
Povltavská,50.116077,14.433817
Vinice Dolní Počernice,50.085842,14.601168
U Průhonu,50.104923,14.450027
Zadní Jiviny,50.07704,14.298637
Větrník,50.089527,14.350169
K Vystrkovu,49.999497,14.409638
Kobylisy,50.12433,14.454498
Plaňanská,50.081764,14.499905
Rokycanova,50.086166,14.455483
Malešické náměstí,50.08501,14.511184
Ve Žlíbku,50.11065,14.624501
U Kapličky,49.962048,14.360671
Muzeum,50.07936,14.431599
Kolovraty,50.016052,14.621393
Větrov,50.07345,14.424397
Václava Špačka,50.098087,14.625605
Ruzyňská,50.085815,14.325098
Masarykovo nádraží,50.08798,14.432547
U Zvoničky,50.010407,14.46028
Haštalské náměstí,50.091,14.42404
V Sedlci,50.128204,14.394781
Sídliště Červený Vrch,50.098023,14.359238
Šeberák,50.011726,14.491318
Sídliště Zličín,50.06025,14.293251
Jenerálka,50.10763,14.353661
Malostranská,50.091072,14.41006
Jezerka,50.057343,14.44305
Starý Prosek,50.118015,14.49098
Březiněveská,50.12653,14.456921
Nemocnice Bohnice - Centrální terapie,50.137318,14.423623
Solná,49.996555,14.366285
Pučálka,50.112392,14.358105
Tupolevova,50.134506,14.505892
Kodaňská,50.07075,14.460817
Pod Lochkovem,50.00283,14.350538
Albertov,50.067917,14.420799
U Staré pošty,50.036034,14.411773
Toužimská,50.136276,14.522711
Pilovská,50.08194,14.64875
Na Vartě,50.045494,14.557497
Ústřední,50.069656,14.543448
Pod Vyhlídkou,50.095123,14.376597
V Kratinách,50.145668,14.442517
Nádraží Kyje,50.097424,14.542738
Do Rybníčků,50.14965,14.4452
Ořešská,50.03042,14.304958
Suchdolské náměstí,50.135864,14.380329
Tálínská,50.100906,14.546066
K Drsnici,50.14268,14.384613
Klukovice,50.03591,14.366676
Otakarova,50.06558,14.440476
Lahovská,49.998276,14.36703
Olšanské hřbitovy,50.07795,14.466933
Stará Holyně,50.029705,14.356933
Pitkovice,50.0228,14.578334
Zmrzlík,50.011776,14.312866
Náměstí Jiřího Berana,50.150494,14.5266
Radlická,50.058594,14.388903
Kbelský hřbitov,50.144074,14.54666
Litochlebské náměstí,50.031998,14.506337
Továrny Hostivař,50.05634,14.54283
Hostivařské náměstí,50.050125,14.526367
Smaragdová,50.02648,14.36071
Valtická,50.066128,14.266241
Amforová,50.04178,14.327298
Počeradská,50.139237,14.451767
Příborská,50.131424,14.511038
Gercenova,50.050224,14.543526
Praha-Zličín,50.064144,14.297819
Uhříněveský hřbitov,50.02794,14.615692
Hlubočepy,50.042522,14.40461
Zoo Praha - Sklenářka,50.120304,14.403448
K Letňanům,50.143875,14.48425
Želivecká,50.05989,14.493988
Novovysočanská,50.100346,14.491522
K Pitkovičkám,50.024693,14.590793
Písečná,50.12574,14.443515
Lihovar,50.05126,14.409636
Nad Parkánem,50.012554,14.631437
Farkáň,50.061134,14.381872
Paceřická,50.119507,14.610931
Radimova,50.08754,14.365994
Osadní,50.103127,14.446531
Kobrova,50.076134,14.398609
Kardausova,50.066574,14.553082
Biskupcova,50.08882,14.468716
Hamplova,50.159596,14.525809
Vozovna Hloubětín,50.107674,14.528366
Kutvirtova,50.05729,14.392862
Sulická,50.026474,14.44565
Dívčí hrady,50.055874,14.398509
Šafránecká,50.075874,14.344734
Kovárna,50.11738,14.416596
Barvy a laky,50.065506,14.537081
Čínská,50.10898,14.394304
Čechovo náměstí,50.068035,14.458915
Prosek,50.119286,14.498221
Nádraží Holešovice,50.109043,14.439334
Malešická,50.086506,14.481972
Vozovna Vokovice,50.093044,14.330969
Nemocnice Bubeneč,50.10775,14.401875
Baterie,50.092396,14.369619
Praha-Zbraslav,49.97053,14.399713
Běchovice,50.081207,14.61692
Sídliště Pankrác,50.04898,14.435001
Škola Slivenec,50.02012,14.355209
Hejtmanská,50.105343,14.557119
Dolnoměcholupská,50.06006,14.557747
Přeštínská,49.993733,14.376312
Ordovická,50.05999,14.332217
Klikovka,50.057,14.430601
Jirčanská,50.00598,14.45903
Serpentina,50.03608,14.401023
Praha-Modřany zast.,50.00394,14.403092
Orionka,50.075653,14.459408
Branické náměstí,50.034653,14.41438
Na Formance,50.016663,14.530283
Nádraží Klánovice,50.086655,14.664831
Poliklinika Malešice,50.080376,14.501652
Uhříněves,50.030098,14.604857
Bachova,50.031292,14.508966
Koleje Strahov,50.080345,14.390033
Jinonická,50.069386,14.377517
Sídliště Horní Počernice,50.11129,14.614161
Formanská,50.01437,14.544066
Stodůlky-Bavorská,50.054367,14.310517
Praha-Satalice,50.12296,14.570904
Thákurova,50.100258,14.386855
Na Hroudě,50.07025,14.488985
Čimice,50.14081,14.430658
Sídliště Petrovice,50.03468,14.563305
Blažimská,50.042584,14.49285
Praha-Rajská zahrada,50.107533,14.560179
Terminál 3,50.099056,14.28872
Jindřišská,50.0852,14.430471
Žárská,50.105743,14.553379
Bohemians,50.066338,14.45529
Na Plácku,49.966065,14.394441
Nádraží Uhříněves,50.033733,14.592267
Ve Smečkách,50.077328,14.426062
Na Štamberku,50.146645,14.480214
Spiritka,50.077168,14.36771
Pod Ryšánkou,50.03672,14.426909
Hájek,50.050102,14.628107
Sezemická,50.124542,14.619257
Lýskova,50.051025,14.309393
Na Vaňhově,50.08014,14.626659
Praha-Radotín,49.985874,14.364065
Marjánka,50.084538,14.375696
Praha-Ruzyně,50.084225,14.312161
Metodějova,50.02616,14.521135
Kazínská,50.011665,14.386353
Hájová,50.017433,14.652709
Podhajská pole,50.1297,14.430872
Staré Strašnice,50.068436,14.4925
Ferrariho,50.041695,14.304737
Milevská,50.048615,14.430271
Pod Táborem,50.09221,14.512008
Sídliště Čakovice,50.15766,14.5203
Podhoří,50.122616,14.3997
Nemocnice Bohnice - Interna,50.136093,14.421196
Zvonařka,50.070915,14.434498
Sídliště Lhotka,50.01722,14.434446
Perspektivní,50.072002,14.557529
Nepasické náměstí,50.103767,14.658772
Zbraslavské náměstí,49.976147,14.393577
Nádraží Radotín,49.98459,14.36313
Skalka,50.068222,14.507793
Dercsenyiho,50.092224,14.579952
Liběchovská,50.14405,14.472266
Levského,50.00547,14.437288
Krakov,50.12777,14.417053
U Památníku,50.08679,14.445906
Třebenická,50.129326,14.481306
Na Slovance,50.124107,14.472532
Slivenec,50.023598,14.351423
K Žižkovu,50.099495,14.496414
Nedvězí,50.01675,14.655518
Spojovací,50.091747,14.498804
Březiněves,50.164665,14.483751
Cholupický hřbitov,49.984207,14.461081
U Elektry,50.10347,14.518999
Jitřní,50.024265,14.41312
Českomalínská,50.104683,14.403407
Radhošťská,50.077633,14.457481
Praha-Komořany,49.990955,14.404417
Sídliště Spořilov,50.04779,14.490209
U Měchurky,50.0647,14.378234
Kalinův mlýn,50.111084,14.368007
Diskařská,50.07919,14.381634
Ryšánka,50.04059,14.438438
K Obecním hájovnám,50.043083,14.515776
Pod Vinicí,50.055576,14.483793
Donatellova,50.072525,14.508122
Murmanská,50.073425,14.4795
Sukovská,50.016098,14.53554
Bukovinská,50.143986,14.577089
U Blaženky,50.06793,14.384913
Plánická,49.992046,14.365441
Pod Chodovem,50.035614,14.493929
Rosečská,50.038307,14.454509
Sídliště Rohožník,50.07263,14.681809
Na Knížecí,50.068565,14.405256
Lhotecký les,50.01565,14.43726
Xaverovský háj,50.101166,14.619526
Lomy,49.998276,14.329468
Ústřední dílny DP,50.074444,14.532297
Televizní věž,50.08024,14.37387
Kudrnova,50.072285,14.343967
Krymská,50.071934,14.447405
Náměstí Míru,50.07506,14.438079
Nové Petrovice,50.040047,14.554596
Nový Hloubětín,50.109737,14.529731
Hněvkovského,50.032337,14.518292
Krčská,50.04358,14.442513
Vozovna Strašnice,50.075504,14.489729
Nový Slivenec,50.02646,14.373516
Praha-Hostivař,50.05496,14.53823
Vinohradské hřbitovy,50.07773,14.480093
Hulická,50.077675,14.66011
Nová kolonie,50.050644,14.327984
Líbeznická,50.128944,14.455515
Tyršova čtvrť,50.01409,14.410701
Na Viničkách,49.980045,14.352182
Rtyňská,50.081383,14.571531
Dreyerova,50.036392,14.383009
Správa sociálního zabezpečení,50.05928,14.405902
Holečkova,50.074272,14.395394
Fryčovická,50.13928,14.504915
Valcha,50.131554,14.538194
Krematorium Motol,50.065937,14.325767
Karenova,50.063385,14.368306
Praha-Braník,50.02802,14.406996
Pod Krocínkou,50.114006,14.511842
U Matěje,50.112236,14.380026
Nemocnice Motol,50.074974,14.340787
Zásadská,50.12877,14.49611
Chvaly,50.112583,14.595902
Studentský dům,50.105896,14.390012
Cukrovar Čakovice,50.15161,14.519001
Nové Strašnice,50.07792,14.510193
Jinonice,50.054455,14.370617
Safírová,49.989777,14.350359
K Říčanům,50.015427,14.632273
Boletická,50.132874,14.513643
Sídliště Modřany,50.00524,14.433165
Bolevecká,50.04312,14.55613
Sportovní centrum Kbely,50.135,14.544264
U Uhříněveské obory,50.039223,14.590106
U Jahodnice,50.08421,14.550695
Hornocholupická,49.997475,14.424934
Nýrská,49.977303,14.332507
U Továren,50.056397,14.53998
Cílkova,50.016502,14.443309
Nový Zličín,50.055668,14.283342
Koleje Větrník,50.088764,14.351196
Za Tratí,50.167107,14.519106
Záběhlice,50.055977,14.479563
Rooseveltova,50.10378,14.399746
Sídliště Čimice,50.14411,14.432021
Lomnická,50.087593,14.563049
Schengenská,50.105827,14.272376
Rektorská,50.087486,14.506817
Polygrafická,50.080196,14.519486
Nádraží Řeporyje,50.031708,14.309259
Bazovského,50.06716,14.307558
U Palaty,50.077194,14.388019
Praha-Jinonice,50.055588,14.371966
Kovářova - KD Mlejn,50.048317,14.317825
Pánkova,50.018208,14.649284
Praha-Horní Měcholupy,50.048023,14.56557
Nebušice,50.1121,14.321382
Zentiva,50.061592,14.546316
U Ladronky,50.07987,14.362095
Volyňská,50.07361,14.472181
U Labutě,50.035786,14.456119
Dolnokřeslická,50.024242,14.560681
Ohradské náměstí,50.037334,14.335455
Třebešín,50.084106,14.481901
Ve Studeném,50.031593,14.42279
Písková,50.003082,14.417576
Netřebická,50.129303,14.572818
Pražský hrad,50.093323,14.398235
Na Havránce,50.00626,14.409826
Za Skalkou,50.045616,14.419361
Skládka Ďáblice,50.154316,14.485637
Bártlova,50.118935,14.632621
Praha-Eden,50.065785,14.471769
Šumavská,50.075348,14.443871
Wattova,50.03745,14.561984
Univerzitní,50.085228,14.502483
Staroměstská,50.088654,14.416384
Dolní Chabry,50.151024,14.437692
Dyrinka,50.10795,14.374708
Újezd u Průhonic,50.01265,14.546397
Praha-Běchovice střed,50.083626,14.615585
Smiřická,50.089764,14.666418
Ctěnický zámek,50.148277,14.562317
Živcová,49.9908,14.368361
Nemocnice Bohnice - Divadlo Za plotem,50.134216,14.419077
V Uličce,50.041443,14.395779
Nové Vokovice,50.1006,14.340771
Zálesí,50.028137,14.451393
Park Maxe van der Stoela,50.090073,14.385905
Zdiměřická,50.022244,14.517592
Čertousy,50.122543,14.635258
Cementárna Radotín,49.994095,14.342561
Ořechovka,50.092876,14.379213
Moravanská,50.1481,14.578445
Praha-Vršovice,50.064518,14.44767
Ládví,50.12643,14.469768
Hlávkova,50.036404,14.314268
U Prioru,50.086937,14.319098
Ke Klíčovu,50.112755,14.50577
Na Veselí,50.05553,14.440127
Malý Berlín,50.102543,14.435037
Zatáčka,50.025257,14.42515
Trojská,50.116783,14.43254
Ústav mateřství,50.02451,14.460043
Nádraží Čakovice,50.150314,14.520338
Zdická,49.977566,14.350594
Říčanova,50.081387,14.353058
Zoo Praha - Troja,50.11663,14.411608
Nákladové nádraží Žižkov,50.084732,14.469899
Hrdlořezská,50.09369,14.509479
Cholupický vrch,49.994316,14.434692
Klárův ústav,50.028,14.456942
Do Lipan,50.008015,14.626381
Za Horou,50.092133,14.535086
Dvořákova,50.1453,14.437286
Divadlo pod Palmovkou,50.10566,14.472753
Klamovka,50.070824,14.379892
Lipovická,49.996735,14.467608
Žákovská,50.125927,14.372225
Jemnická,50.04941,14.45908
Picassova,50.034786,14.594255
Závist,49.97618,14.401898
Náměstí Bratří Synků,50.064545,14.44103
K Austisu,50.02118,14.341137
Dolní Počernice,50.08524,14.576954
Praha-Sedlec,50.132046,14.394304
Praha-Veleslavín,50.094994,14.346188
Masná,50.08923,14.424117
Nad Habrovkou,50.109085,14.345734
Kazín,49.951042,14.340826
Děkanka,50.053345,14.430969
Vypich,50.079872,14.34559
Ježovická,50.069687,14.649828
Tachovské náměstí,50.087288,14.45233
Pod Říhákem,49.989033,14.362034
Šafránkova,50.05861,14.338596
Českomoravská,50.10583,14.492602
Třebešovská,50.115555,14.625996
Jesenická,50.057205,14.493589
Luka,50.045437,14.321302
V Rybníčkách,50.070595,14.507249
Högerova,50.034374,14.380959
Stavební zóna Horní Počernice,50.116432,14.599371
Vinořská,50.139988,14.575898
Kapitána Stránského,50.103424,14.575963
Breitcetlova,50.10614,14.574526
Hostivařský pivovar,50.046715,14.550562
Strážní,50.092255,14.481275
Opatov,50.027695,14.508401
Čechova škola,50.117184,14.423426
Sídliště Skalka,50.06266,14.511165
Sovenická,50.1372,14.547018
Ke Schodům,50.014183,14.415817
Bašteckého,50.03994,14.336145
Sídlištní,50.12704,14.378374
Ivančická,50.14219,14.511956
U Zvonu,50.071564,14.387082
Obchodní centrum Čakovice,50.14997,14.508225
Na Strži,50.043495,14.438684
Přední Kopanina,50.117188,14.298088
Sídliště Ďáblice,50.132362,14.479131
Pod Konvářkou,50.05551,14.405059
Praha-Hlubočepy,50.0407,14.393867
K Housličkám,50.129528,14.366734
Sídliště Letňany,50.14267,14.506805
Nad Klamovkou,50.07268,14.37727
Park Rajská zahrada,50.08262,14.444033
Sídliště Zbraslav,49.96811,14.384634
Cikánka,49.99745,14.322625
Volha,50.021496,14.493436
Malá Ohrada,50.040306,14.34021
Strašnická,50.072693,14.491074
Na Pískách,50.098858,14.369652
Kukulova,50.078495,14.344544
Právnická fakulta,50.091476,14.417732
Praha-Zahradní Město,50.062313,14.504141
Praha-Cibulka,50.064575,14.362176
Argentinská,50.103046,14.443398
Chodovská,50.05655,14.470234
Perunova,50.075333,14.454336
Slatiňanská,50.10814,14.591312
Butovická,50.051346,14.362932
Veronské náměstí,50.040188,14.558066
Psohlavců,50.02639,14.417341
Starý Zličín,50.06172,14.280451
Pelc Tyrolka,50.115936,14.443846
Černý Most,50.10898,14.577441
U Vojenské nemocnice,50.090183,14.363919
Sklářská,50.057243,14.536619
Halenkovská,50.06279,14.286526
Ďáblice,50.148674,14.486677
Starodejvická,50.09691,14.371309
Staré náměstí,50.081852,14.310551
Poliklinika Petrovice,50.03924,14.560976
Šeberov,50.018158,14.510693
Pekárenská,50.04945,14.46395
Nádraží Vysočany,50.11023,14.499046
Malá Chuchle,50.024986,14.394733
Vítězné náměstí,50.09975,14.395556
Hradčanská,50.097504,14.404309
Teplická,50.125362,14.486243
Lotyšská,50.104263,14.39496
Šedivého,50.07093,14.314699
Sportovní centrum Řepy,50.067047,14.295549
Královická,50.065277,14.515526
Modřanská škola,50.009068,14.403147
Kunratice,50.0132,14.487515
Červeňanského,50.03896,14.33521
Čechův most,50.094055,14.417288
Slavia - Nádraží Eden,50.06881,14.470062
K Holyni,50.02043,14.359447
Sídliště Řepy,50.06526,14.298309
Ruzyňský velkoobchod,50.086338,14.313685
Čakovice,50.151436,14.530387
Ortenovo náměstí,50.10772,14.447826
OC Stromovka,50.101948,14.429262
Mladějovská,50.13263,14.560398
Sicherova,50.115147,14.56111
Hřebenka,50.075085,14.390112
Pod Pekařkou,50.043778,14.424589
Vajgarská,50.101967,14.55456
Belárie,50.013287,14.401838
Bohnické údolí,50.13567,14.412017
Poliklinika Petřiny,50.090027,14.35816
Lešanská,50.04579,14.48353
Cholupice,49.98684,14.445484
Korytná,50.064793,14.493297
Bojasova,50.132534,14.462613
Roztocká,50.12701,14.398731
U Průseku,50.059113,14.516964
Lazarská,50.079422,14.420067
Olšanské náměstí,50.082596,14.45828
Škola Poštovka,50.069,14.355196
Zelená liška,50.048607,14.4433
Obchodní centrum Lipence,49.963642,14.363703
Pohořelec,50.0878,14.388197
Hlohová,50.056393,14.502134
Fashion Arena Štěrboholy,50.07469,14.540369
Zbraslav,49.959045,14.382795
Všestarská,50.100388,14.662666
Závodiště Chuchle,50.00759,14.388886
Klášterecká,50.14601,14.455856
Za Farou,50.020054,14.350725
Vysokovská,50.108994,14.602834
Praha-Holyně,50.032845,14.348548
Schorova,50.102234,14.469186
Kolová,49.978275,14.349879
U Lesíka,50.06471,14.358576
Hládkov,50.0887,14.387569
Limuzská,50.077965,14.506385
Vlastibořská,50.1203,14.598816
Praha-Stodůlky,50.062206,14.346108
Pod Zatáčkou,49.956005,14.381588
Sídliště Hloubětín,50.106472,14.542492
U Dobešky,50.040196,14.419165
Macharovo náměstí,50.094177,14.38175
Ostrčilovo náměstí,50.065064,14.424791
Nad Dvorem,50.009728,14.633084
Obchodní náměstí,50.004772,14.40466
Břeclavská,50.09587,14.546143
Ohradní,50.05237,14.453601
Štorkánova,50.06166,14.392675
U Kestřánků,49.986935,14.356814
Na Mlýnici,50.114174,14.3207
Poliklinika Modřany,50.004738,14.418321
Letňanská,50.122997,14.507336
K Lesoparku,50.049892,14.538555
Můstek,50.08347,14.423973
Dolní Černošice,49.96297,14.332371
Štěpnice,50.127953,14.367742
Morseova,50.03511,14.558902
Bryksova,50.102215,14.578947
Dolní Šárka,50.115723,14.373972
Nad Závistí,49.98052,14.404201
Cukrovar Modřany,49.99906,14.406416
Žežulka,50.118534,14.382
Lehárova,50.00888,14.405748
Škola Nebušice,50.11093,14.330694
Nádraží Podbaba,50.111816,14.394122
Hrnčíře,49.998356,14.517169
Měchenická,50.050118,14.488535
Křížová,50.063,14.405045
Xaverov,50.101257,14.625361
Višňová,50.031227,14.447767
Kateřinky,50.020584,14.520184
Starolázeňská,50.01609,14.389594
Nušlova,50.054794,14.346201
Donovalská,50.03694,14.508718
Jordánská,50.11104,14.562793
Dubečský hřbitov,50.052498,14.580454
Vysočanská,50.11072,14.502219
Motol,50.068302,14.335325
Zborovská,50.072414,14.407648
Obchodní centrum Zličín,50.049988,14.29725
Hellichova,50.084923,14.404324
Slánská,50.064484,14.30897
Tuháňská,50.158344,14.542675
Nádraží Hostivař,50.053356,14.536778
Holyně,50.027084,14.358055
Rajská zahrada,50.106567,14.559867
Sušická,50.10182,14.372858
Zahradníčkova,50.069508,14.336514
Na Šafránce,50.075542,14.3471
Habrová,50.087883,14.490859
Baba II,49.99958,14.415072
Rembrandtova,50.068184,14.512451
Přívozní,50.110226,14.451601
Dlouhá třída,50.091103,14.42772
Nemocnice pod Petřínem,50.086884,14.396353
Kundratka,50.112576,14.479704
Hasičská,50.07828,14.603679
Smržovská,50.09491,14.668839
Pramenná,49.995018,14.487457
Křižíkova,50.09329,14.451389
Šatovka,50.117523,14.374884
Mariánské náměstí,50.087296,14.417489
Geologická,50.03649,14.387701
Na Fabiánce,50.16111,14.483528
Průmstav,50.04705,14.575349
Labe,50.013733,14.421159
Praha-Běchovice,50.082195,14.598027
Na Staré cestě,50.038555,14.441593
Peluněk,49.969,14.375783
U Tabulky,50.1176,14.601742
Na Lysinách,50.022312,14.412663
Stará obec,50.088677,14.577839
Nádraží Dolní Počernice,50.087135,14.57186
Frančíkova,50.01059,14.356875
Nad Džbánem,50.094025,14.33696
Šperlova,50.034233,14.510867
Holoubkovská,50.043575,14.560505
Sportovní centrum Horní Počernice,50.10898,14.610184
Štefkova,50.079735,14.353033
Nová Šárka,50.092957,14.314729
U Žlábku,49.959656,14.36679
Winklerova,50.065476,14.596973
Na Cikorce,50.01214,14.412666
Novoměstská radnice,50.077457,14.419522
Štvanice,50.09527,14.436951
Na Svěcence,50.100975,14.611785
Kazanka,50.117294,14.42804
Poliklinika Mazurská,50.1273,14.413631
Choceradská,50.043144,14.490264
Ukrajinská,50.064995,14.452527
Bílenecké náměstí,50.149567,14.442591
Otakara Vrby,50.076603,14.603355
Depo Zličín,50.0533,14.277748
Nové Butovice,50.050976,14.352276
Wagnerova,50.03607,14.527319
Mezi Hřbitovy,50.081657,14.471742
Koh-i-noor,50.06737,14.461471
Na Padesátníku,50.102158,14.289379
Tylova čtvrť,50.008125,14.415525
Druhanická,50.07228,14.652829
Sídliště Jahodnice,50.088806,14.550612
Libocká,50.08676,14.329247
Kavčí hory,50.049526,14.42894
Vojenská nemocnice,50.091713,14.360064
Sparta,50.09916,14.417687
Kuchyňka,50.11699,14.450306
Národní divadlo,50.080765,14.413995
Novochuchelská,50.009087,14.384808
U Vody,50.110653,14.448031
Zelené domky,50.016,14.469439
Radošovická,50.06684,14.495903
Dehtínská,49.97665,14.344787
Hříbková,50.020508,14.580193
Mrázovka,50.068413,14.392519
Hadovitá,50.05153,14.45715
Ronalda Reagana,50.101124,14.404657
Plynárna Michle,50.056526,14.464953
Vlašimská,50.074394,14.465042
Poštovka,50.068504,14.353862
Sídliště Na Dědině,50.08964,14.309497
Poliklinika Budějovická,50.04326,14.449915
Na Homoli,50.076283,14.530405
Maniny,50.103294,14.453264
V Bokách,50.037983,14.390266
Výhledské náměstí,50.135037,14.373276
Bazar,50.09875,14.671466
Madlina,50.120316,14.484501
U Lípy,50.05225,14.494447
Nové Dvory,50.017433,14.447873
Na Padesátém,50.064518,14.505184
Rájecká,50.02524,14.601827
Koupaliště Čakovice,50.147636,14.524943
Nádraží Klánovice-sever,50.087837,14.66551
Krocínka,50.116043,14.503172
Přímské náměstí,50.09891,14.678395
Brechtova,50.035362,14.516752
Dubeček,50.055992,14.579943
K Noskovně,50.11145,14.325092
Ve Vilkách,50.015465,14.539928
Na Pramenech,50.14867,14.49717
Nové Podolí,50.04348,14.429674
Nádraží Satalice,50.123566,14.571158
Nádraží Žvahov - V Násypu,50.04467,14.402629
Schodová,50.06824,14.363554
Horní Lysolaje,50.129604,14.365529
Radouňova,50.0395,14.317528
Praha-Klánovice,50.087166,14.663997
Zálužická,49.99063,14.442199
Za Slánskou silnicí,50.071034,14.306454
Ke Kaménce,50.07151,14.30245
Střížkov,50.126347,14.489245
Podlužanská,50.07982,14.649525
U Hangáru,50.1083,14.277419
Průběžná,50.07152,14.486185
Bakovská,50.134754,14.549382
V Mokřinách,50.020184,14.407799
Prunéřovská,50.143868,14.450867
Dělnická,50.103146,14.449928
Chaplinovo náměstí,50.03515,14.377419
Vinopalnická,50.11995,14.470384
Bílý Beránek,50.061413,14.309595
Brusnice,50.093037,14.392054
Třeboradice,50.162888,14.524853
Weberova,50.0735,14.355875
Doliny,50.05746,14.424447
Sedlec,50.13468,14.391905
Na Vypichu,50.084038,14.34005
Sychrov,50.120293,14.657324
Vinohradská vodárna,50.075398,14.449725
Kyjský hřbitov,50.09285,14.546912
Pražského povstání,50.05615,14.43443
Otínská,49.982437,14.355907
K Cikánce,49.997627,14.341734
Tiskařská,50.08295,14.534092
Roztyly,50.037663,14.477663
Teplárna Malešice,50.08314,14.525901
U Kunratického lesa,50.022926,14.488953
Avia Letňany,50.14173,14.515738
U Václava,50.11439,14.312211
Invalidovna,50.097393,14.464328
Škola Radotín,49.981247,14.360491
Řeporyjské náměstí,50.032806,14.312009
Břevnovská,50.08551,14.364904
Dubeč,50.06182,14.596533
Odra,50.13086,14.424155
Pod Oborou,50.063072,14.636311
Praha-Kačerov,50.041718,14.46181
Pošta Újezd nad Lesy,50.073414,14.65479
Pacoldova vápenka,50.014206,14.373082
Kelerka,50.11522,14.489533
Václavka,50.06521,14.39332
Zamašská,50.14043,14.546904
Kokořínská,50.14571,14.485134
Škola Dolní Počernice,50.088577,14.581316
Kublov,50.054466,14.418098
Botanická zahrada,50.070778,14.419264
Nábřeží Kapitána Jaroše,50.09632,14.431299
Břetislavka,50.123127,14.38971
Ke Kříži,50.029713,14.594986
Elišky Přemyslovny,49.97494,14.393113
K Fialce,50.055718,14.329456
Viničky,49.979256,14.347851
Toulcův dvůr,50.047802,14.519342
Olgy Havlové,50.08744,14.478865
Starý Spořilov,50.04254,14.473511
Krňovická,50.10193,14.65907
Zahradnictví,50.003162,14.384061
Miškovice,50.155987,14.541626
Baně,49.95268,14.379145
Nemocnice Bulovka - gynekologie,50.1161,14.460119
Radnice Praha 6,50.10048,14.401611
Velká Chuchle,50.01215,14.380734
Baba I,49.998253,14.415096
Pod Rapidem,50.072258,14.484167
Černínova,50.088966,14.461704
Nádraží Veleslavín,50.09581,14.347233
Praha-Libeň,50.10079,14.501663
Čakovická,50.119076,14.518726
Nademlejnská,50.103844,14.525131
Blatov sever,50.08279,14.645157
Benice,50.01344,14.60513
U Radiály,50.07565,14.553709
Nádraží Zbraslav,49.97239,14.399628
Dolní Měcholupy,50.05687,14.561884
Florenc,50.090653,14.438921
Radnice Praha 12,50.002502,14.414122
Naskové,50.063377,14.360533
Kamýcká,50.130364,14.382275
Kbelský lesopark,50.13527,14.535951
Hůrka,50.049637,14.341648
Nádraží Libeň,50.101708,14.502612
Sídliště Bohnice,50.13161,14.41061
Sídliště Černý Most,50.102173,14.582815
Kolbenova,50.11049,14.516205
Karlštejnská,50.052643,14.359049
Poliklinika Zahradní Město,50.056526,14.496965
Libeňský zámek,50.10845,14.472282
Národní technická knihovna,50.103214,14.390612
Obora Hvězda,50.078316,14.34173
Betonárka,50.036743,14.574778
Bohdalecká,50.056786,14.473251
U Mlejna,50.02706,14.602255
Flora,50.07817,14.461779
U Kříže,50.112244,14.47554
Poliklinika Černý Most,50.107628,14.572517
Staré Letňany,50.137894,14.516928
Kovošrot,50.062084,14.542165
U Libušského potoka,50.005882,14.423851
Průhonský háj,50.109955,14.341291
V Chotejně,50.058113,14.533428
Drazdecká,49.995907,14.518543
Měděnecká,50.149696,14.448679
K Zelenči,50.123287,14.62397
Bubenská,50.098103,14.436589
Horčičkova,50.03189,14.534076
Kavkazská,50.069565,14.465633
Chodov,50.031216,14.49133
Poštovská,50.11059,14.508905
Pod Šafránkou,50.07335,14.348434
Nad Laurovou,50.062386,14.395878
Náměstí Winstona Churchilla,50.084103,14.440859
Moráň,50.074024,14.418731
Vinice Hrdlořezy,50.100166,14.517855
Tempo,50.020035,14.451962
Návětrná,50.02348,14.358296
Ovčí hájek,50.04634,14.347667
Na Lhotkách,49.95334,14.368297
Pod Třebešínem,50.080986,14.485651
Tehovičky,50.01296,14.623409
Kolonie,50.09339,14.525186
Korunovační,50.10039,14.419716
Ke Štěrkovně,49.957176,14.371549
Žabovřesky,49.965126,14.383626
Stadion Strahov,50.078384,14.388305
Dukla-Juliska,50.110416,14.386059
Velká Ohrada,50.035473,14.335968
Ruzyňská škola,50.08351,14.3181
Průchova,50.062492,14.366192
Pod Žvahovem,50.043495,14.403092
Pod Nouzovem,50.139156,14.55109
Nové Pitkovice,50.017204,14.584933
Valdštejnské náměstí,50.090294,14.405113
VÚ Běchovice,50.089203,14.612379
Bazén Hloubětín,50.104477,14.535576
Ke Březině,49.99409,14.46779
Mílová,50.010017,14.466774
Vlastina,50.091263,14.316939
Huntířovská,50.129257,14.543926
Petrské náměstí,50.091293,14.43224
I. P. Pavlova,50.07511,14.430415
Poliklinika Barrandov,50.03367,14.374061
Kyselova,50.126167,14.463701
Podolská vodárna,50.058975,14.419935
Malešická továrna,50.077213,14.525538
Pod Vsí,50.0113,14.514359
Dobeška,50.04183,14.416
Katovická,50.13211,14.428075
Těšnov,50.091698,14.436561
Okořská,50.135906,14.431482
Na Sklonku,50.06687,14.364227
Lánská,50.098644,14.540519
Prašná,50.035,14.520884
Ke Kateřinkám,50.02494,14.515071
Špejchar,50.097458,14.409987
Třeboradický hřbitov,50.15927,14.523401
Pobřežní cesta,50.033974,14.40784
Hanspaulka,50.104687,14.373024
Prvomájová,49.9855,14.357134
Ve Výrech,50.035095,14.306014
Chodovec,50.039646,14.490528
K Trninám,50.06862,14.311083
Radnice Řepy,50.07274,14.306898
K Hájům,50.05509,14.325163
Šmukýřka,50.064266,14.370617
Vyšehrad,50.060806,14.431242
Praha-Žvahov,50.045673,14.402428
Žabovřeská,49.970284,14.385684
Vlnitá,50.035088,14.421129
Na Lukách,50.097538,14.51162
U Střediska,50.058662,14.557749
Škola Lipence,49.960682,14.356225
Lipence,49.959675,14.352923
Podbělohorská,50.075226,14.372855
Klánova,50.02136,14.423567
Kavalírka,50.06994,14.370382
Jiráskovo náměstí,50.075962,14.413872
K Barrandovu,50.03528,14.383079
Jalodvorská,50.013664,14.457426
Cholupické náměstí,49.988464,14.448948
Petřiny,50.087505,14.344923
Špitálská,50.111008,14.505019
Vinoř,50.151756,14.591041
Vltavská,50.09907,14.438273
Pod Hradem,50.03824,14.637688
Lysolaje,50.126724,14.367412
V Ladech,50.013256,14.513739
Malostranské náměstí,50.08799,14.404415
Hadovka,50.099487,14.375429
Šumperská,50.13588,14.508611
Perlit,50.085526,14.537768
Sídliště Homolka,50.07363,14.351759
Václavské náměstí,50.081818,14.425506
Starý Hloubětín,50.10443,14.530201
Malešický park,50.08631,14.496203
Navigátorů,50.093433,14.304141
Reinerova,50.07421,14.310146
Vodičkova,50.07985,14.423084
Vojetická,49.976498,14.348144
Ke Kazínu,49.956413,14.342335
Na Košíku,50.047108,14.515264
Odlehlá,50.09842,14.481834
Ciolkovského,50.087936,14.306892
Ústavy Akademie věd,50.017975,14.466885
Kbely,50.130783,14.551315
Přívorská,50.136078,14.436379
Spalovna Malešice,50.080185,14.538061
Za Novákovou zahradou,50.123825,14.577425
Stodůlky,50.046642,14.307148
V Podbabě,50.12176,14.394158
Třinecká,50.13424,14.509819
Rohožnická,50.073223,14.678188
Nádraží Krč,50.035088,14.443739
Sudějovická,50.07525,14.665745
Jarníkova,50.02665,14.494118
Kunratická škola,50.013325,14.481635
Ronešova,50.107174,14.565883
Zborov - Strašnické divadlo,50.07728,14.500641
Nádraží Vršovice,50.066055,14.448021
Nad Jetelkou,50.115276,14.496156
Šporkova,50.0874,14.398101
Vrbova,50.03184,14.426926
Knovízská,50.04137,14.500134
Novoštěrboholská,50.074425,14.561121
Ocelářská,50.103546,14.488421
Budovec,50.134277,14.38365
U Jankovky,49.988205,14.367934
U Belárie,50.016853,14.403557
Livornská,50.04114,14.551817
Černý kůň,50.02266,14.404207
Lahovice,49.988148,14.398203
Na Santince,50.106945,14.388667
Divoká Šárka,50.092545,14.324166
Nemocnice Bohnice - Ředitelství,50.13401,14.423561
Sportareál Satalice,50.123398,14.566725
Urbanova,50.06247,14.383908
Viktoria Žižkov,50.084923,14.444183
Talichova,50.08864,14.366358
Výzkumný ústav vodohospodářský,50.116028,14.392627
Královice,50.03704,14.635599
Zelená,50.107235,14.394911
Jiráskova čtvrť,50.094063,14.546152
Strojírenská,50.06589,14.288374
U Spojů,50.145668,14.475275
Horky,50.06156,14.446262
K Tuchoměřicům,50.11599,14.291384
Na Míčánkách,50.071125,14.46415
Královský letohrádek,50.094246,14.404763
Vosmíkových,50.114357,14.473273
Sídliště Písnice,50.000862,14.466504
Podkovářská,50.10296,14.513914
Roztylské náměstí,50.044487,14.478575
Praha-Kbely,50.134834,14.555811
Pod Šmukýřkou,50.061184,14.375434
Lázeňka,50.058384,14.584743
Kloboučnická,50.060455,14.449934
Českolipská,50.126686,14.501589
Nádraží Horní Počernice,50.11536,14.612968
Sídliště Kobylisy,50.127045,14.452108
Nádraží Hlubočepy,50.041275,14.394186
Sovákova,50.12317,14.581633
Slavínského,50.03307,14.385977
Kněžská luka,50.092117,14.493246
Městský archiv Chodovec,50.041077,14.495254
Obchodní centrum Chuchle,50.018208,14.392214
Olšanská,50.08345,14.464969
Milíčov,50.026974,14.530675
Krematorium Strašnice,50.07724,14.484958
Mrkosova,50.00721,14.38089
Newtonova,50.035065,14.551926
Rozýnova,50.08005,14.368742
Újezd nad Lesy,50.075966,14.658372
Důstojnické domy,50.12449,14.532163
Observatoř Libuš,50.00665,14.446491
Na Parcelách,50.110508,14.335283
Vrážská,49.989964,14.370008
Praha-Holešovice,50.11053,14.439771
Lísek,50.04265,14.456718
Nemocnice Na Františku,50.093002,14.422155
Pavelkova,50.0,14.427351
Dvorní,50.147533,14.448384
Filosofská,50.02192,14.428201
Řepčická,50.04793,14.545004
Divadlo Gong,50.106667,14.488344
V Remízku,50.026146,14.36858
Obchodní centrum Štěrboholy,50.07217,14.542742
Hradební,50.0907,14.427097
Kostrounek,49.969357,14.381944
Na Petynce,50.08819,14.38135
Depo Hostivař,50.07664,14.516783
Depo Kačerov,50.045654,14.470515
Zemanka,50.039177,14.423183
Bucharova,50.054016,14.339026
Prosecká,50.117374,14.496969
Netluky,50.041092,14.613134
Vyskočilova,50.048447,14.458592
Ženské domovy,50.06857,14.400691
Vinořský zámek,50.141953,14.57807
Pávovské náměstí,50.09321,14.540859
Voňkova,50.09857,14.668009
Nad Košíkem,50.045006,14.519201
Nádraží Běchovice střed,50.08446,14.616652
Terminál 2,50.105064,14.268054
Dřevařská,50.126244,14.56468
Náměstí Před Bateriemi,50.09101,14.374306
Sídliště Petřiny,50.086506,14.339509
Vinohradská tržnice,50.077057,14.442047
Na Vrchách,50.038593,14.587983
Nádraží Ruzyně,50.085545,14.307989
Matějská,50.114975,14.383947
Goetheho,50.107437,14.404092
Křeslice,50.02344,14.565085
Libošovická,50.11119,14.599493
Vackov,50.0869,14.486251
Příbramská,49.977764,14.346405
Praha-Krč,50.03418,14.445969
Dobročovická,50.073334,14.504917
Nymburská,50.126747,14.558483
Jiviny,50.077416,14.303927
Průmyslová,50.07251,14.535639
Čimický háj,50.127327,14.435609
Bělocerkevská,50.071896,14.470332
Benkova,50.03788,14.499432
Rokoska,50.11738,14.457513
Jakobiho,50.03325,14.559561
Římská,50.076767,14.435407
Praha-Horní Počernice,50.116688,14.612695
Spořilov,50.049614,14.482175
Strnady,49.94565,14.394558
Nad Dívčími hrady,50.054627,14.397961
Ohrada,50.09069,14.468334
Škola Radlice,50.0597,14.393622
Řepínská,50.133514,14.430046
Mikulova,50.031944,14.51469
Do Čertous,50.12268,14.610378
Krejcárek,50.095367,14.475628
Mokrá,50.033554,14.50448
Vozovna Pankrác,50.056946,14.437676
Dolnopočernický hřbitov,50.091164,14.577236
Nemocnice Bohnice - Hlavní vrátnice,50.135868,14.428747
Sídliště Na Groši,50.05796,14.521374
Hutmanka,50.056854,14.369463
Parkoviště Trojský most,50.115646,14.436711
Vršovický hřbitov,50.063255,14.466711
Nemocnice Krč,50.030598,14.455178
Franty Kocourka,50.06065,14.403367
Nádraží Jinonice,50.056553,14.370886
Nemocnice Na Homolce,50.075676,14.354425
Královka,50.084877,14.380366
Delta,50.047188,14.457494
Pod Jezerkou,50.058098,14.450094
Lohenická,50.149033,14.586884
Na Srpečku,50.037914,14.399964
U Rumpálu,50.133232,14.548558
Libeňská,50.13716,14.430042
Severozápadní,50.046867,14.476215
Špitálka,50.110466,14.378151
Stochovská,50.082974,14.311075
Kajetánka,50.086704,14.37145
Dostihová,50.01274,14.394119
Jiřího z Poděbrad,50.077526,14.44971
U Rozcestí,50.016632,14.634934
Dubečská,50.065357,14.502352
Zapova,50.073814,14.389523
Nemocnice Vinohrady,50.076706,14.475516
Polešovická,50.079132,14.653813
U Lomů,49.996952,14.338987
Kodymova,50.051483,14.337343
Spolská,50.090614,14.541557
Skloněná,50.100334,14.487579
Dělostřelecká,50.096535,14.387833
Satalická obora,50.126617,14.574981
Za Mototechnou,50.05896,14.328106
Obchodní centrum Sárská,50.053738,14.297197
Škola Štěrboholy,50.07218,14.552694
Mokřanská,50.063442,14.526726
Barrandovská,50.03153,14.395894
Mototechna,50.05413,14.316309
Přístav Holešovice,50.104706,14.455816
Dobratická,50.13034,14.508517
Nádraží Braník,50.028835,14.405773
Černý vrch,50.068314,14.387395
K Netlukám,50.033173,14.609339
U Tří svatých,50.01155,14.477419
Pražská čtvrť,50.027943,14.366859
Lukavecká,50.116165,14.61756
Třebonice,50.04515,14.280443
U Kaštanu,50.083653,14.363112
Holešovická tržnice,50.09829,14.444672
Klíčovská,50.117676,14.508134
Archeologická,50.044117,14.337817
Poliklinika Háje,50.03385,14.527475
Hercovka,50.121964,14.452263
Kolodějská obora,50.062424,14.627858
Svépravice,50.10337,14.609434
Zbyslavská,50.074173,14.671418
Modřanská rokle,50.0064,14.429379
Mrákovská,50.028183,14.3016
Terasy,50.036964,14.400169
Dejvická,50.100925,14.39318
Píškova,50.04116,14.334352
Ke Stírce,50.12283,14.456011
K Letišti,50.096146,14.292705
Sídliště Radotín,49.98021,14.353541
Solidarita,50.076874,14.494266
Komárovská,50.11531,14.62145
Točná,49.972717,14.431784
Zderazská,49.980644,14.348228
Sídliště Novodvorská,50.02511,14.434394
Kamenolom Zbraslav,49.959675,14.394268
Komořany,49.99132,14.410687
Štěrboholy,50.07179,14.550422
Nádraží Velká Chuchle,50.011425,14.389142
Koloděje,50.060158,14.640762
Zlíchov,50.04604,14.407648
Dědina,50.08981,14.301443
Lochkov,50.002983,14.352734
Na Groši,50.052933,14.523912
Prebslova,50.167503,14.522608
Obchodní centrum Černý Most,50.10823,14.587389
Studenecká,50.087124,14.575806
Terminál 1,50.107456,14.268614
Karlínské náměstí,50.092766,14.445656
Nad Běchovicemi,50.09237,14.623601
Družná,50.01217,14.416985
Nemocnice Bulovka,50.11568,14.463954
Sdružení,50.054466,14.442558
V Korytech,50.054447,14.488752
Korandova,50.022583,14.421117
Raichlova,50.03913,14.328331
Pařížská,50.089428,14.419112
Sídliště Malešice,50.082947,14.508013
Michnovka,50.039444,14.397184
Pavlišovská,50.111343,14.622484
Lipany,49.999405,14.617857
Jilemnická,50.136887,14.550188
Praha-Vysočany,50.11235,14.497358
Pankrác,50.05162,14.439282
Ke Xaverovu,50.099667,14.6238
Letenské náměstí,50.099976,14.423605
Sibiřské náměstí,50.10461,14.405958
Hrazanská,49.97781,14.439549
Nádraží Modřany,50.004177,14.40352
Pod Kyjovem,49.965714,14.369059
Slovinská,50.070778,14.459145
Nad Konvářkou,50.053806,14.399128
Na Beránku,49.99771,14.429092
U Libušské sokolovny,50.0048,14.464351
Sídliště Barrandov,50.031364,14.36829
Národní třída,50.080586,14.41992
U Staré školy,50.090176,14.421087
Hlavní nádraží,50.084007,14.434799
V Lískách,50.019783,14.4638
Janovská,50.040985,14.566949
Santoška,50.066475,14.399138
Botanická zahrada Troja,50.11912,14.410485
Zamenhofova,50.076748,14.537848
Na Pazderce,50.125122,14.417893
Letňany,50.125614,14.51615
Poliklinika Prosek,50.12807,14.491937
Lhotka,50.02092,14.438337
Pod Školou,50.068604,14.367477
Stará Libuš,50.008102,14.462875
Pod Hájem,50.124683,14.381426
Libeňský most,50.10341,14.464732
Nový Střížkov,50.11852,14.483915
Praha-Řeporyje,50.032513,14.308306
Ctěnice,50.145577,14.557268
Za Kapličkou,50.12793,14.572622
Kutnohorská,50.064037,14.551934
V Přístavu,50.108486,14.453746
Hasova,50.015366,14.426987
Červený Vrch,50.096832,14.352642
Na Boleslavce,50.169983,14.483877
Staroměstské náměstí,50.087936,14.420891
Nad Markétou,50.083515,14.346944
Zemědělská univerzita,50.13325,14.377416
Venušina,50.02629,14.608627
Antala Staška,50.041607,14.444363
Dětská nemocnice Karlov,50.07078,14.428555
Praha-Uhříněves,50.0335,14.591714
Nad Rybníkem,50.087315,14.58613
Kabešova,50.10239,14.508167
Vozovna Motol,50.06786,14.340922
Kusá,50.087025,14.360992
Nádraží Zahradní Město,50.062004,14.504097
K Lipanům,50.015915,14.606476
Na Pastvinách,50.10086,14.344557
Dunajecká,50.125557,14.426439
V Sudech,49.99224,14.345995
Na Palouku,50.08043,14.488593
Veletržní palác,50.101734,14.433064
Rápošovská,50.07734,14.654314
Na Kovárně,50.117928,14.628386
Mirovická,50.130882,14.452434
Bohdalec,50.060303,14.469803
Apolinářská,50.07151,14.426756
Za Nadjezdem,50.056877,14.548598
Poliklinika Lípa,50.051235,14.346623
Švandovo divadlo,50.078434,14.404349
Doležalova,50.10185,14.570204
Škola Velká Chuchle,50.012016,14.382333
Sekeřická,50.113052,14.610129
U Kundratky,50.11782,14.487756
Poliklinika Vysočany,50.108738,14.494236
Sobín,50.068028,14.263597
Vackova,50.0448,14.315292
Michelská,50.054718,14.453356
Praha-Kyje,50.09756,14.543174
Záveská,50.053642,14.522532
Pernerova,50.089356,14.443106
Přístav Radotín,49.994415,14.39349
Jana Masaryka,50.07329,14.441085
Soukalova,50.00609,14.414599
Na Planině,50.03955,14.430239
Kotorská,50.054318,14.436834
Vojická,50.113876,14.603918
Do Koutů,49.99196,14.416426
Dobronická,50.011017,14.471958
Na Jelenách,50.02214,14.500086
Petýrkova,50.03055,14.487643
Zadní Kopanina,50.006626,14.312903
Lehovec,50.106968,14.547567
U Bílého Mlýnku,50.155308,14.528013
Polesná,50.07825,14.654918
Zelený pruh,50.039272,14.427514
Palmovka,50.103962,14.474864
Dědinova,50.03391,14.483525
Krčský hřbitov,50.04628,14.439446
Smíchovský hřbitov,50.062145,14.389498
Náměstí Republiky,50.088745,14.43012
Václavská,50.074524,14.417532
Nemocnice Bulovka - onkologie,50.116917,14.46277
Mládí,50.050095,14.322416
Strossmayerovo náměstí,50.09891,14.433265
Hlavní,50.04673,14.486985
Fruta,50.043484,14.581518
Lipanská,50.08396,14.453434
Přírodní,50.01329,14.452831
Ametystová,49.9882,14.362217
Svatoplukova,50.065033,14.428689
Vidoule,50.055237,14.36475
Žvahov,50.043987,14.401451
Trutnovská,50.14624,14.505726
Hloubětín,50.106262,14.537131
U Trezorky,50.055775,14.3761
Zahradní Město,50.060547,14.505883
U Drahaně,50.135403,14.416
Vozovna Žižkov,50.091503,14.475054
Maškův mlýn,49.99888,14.318501
Štěpničná,50.127926,14.477303
Břevnovský klášter,50.08319,14.358776
U Školy,50.043842,14.421676
Plzeňka,50.063583,14.408768
Libuš,50.008957,14.455713
Basilejské náměstí,50.08719,14.470921
Satalice,50.125656,14.571462
Vršovické náměstí,50.069096,14.45455
Lnářská,50.028206,14.597526
Hostivařský hřbitov,50.04608,14.524146
Modrá škola,50.031456,14.523545
Prašný most,50.09482,14.395074
Radonická,50.154816,14.538052
Smíchovské nádraží,50.06065,14.409217
Hlušičkova,50.063896,14.31611
Drinopol,50.08394,14.371135
Betáň,50.007286,14.479702
Korek,50.10578,14.360159
Na Šabatce,49.98919,14.408996
Nádraží Cibulka,50.065533,14.363369
Kyje,50.097794,14.549159
Za Chalupami,50.005264,14.356125
Dolnočernošická,49.95974,14.328898
Filmové ateliéry Barrandov,50.031044,14.392094
V Nových domcích,50.056507,14.533917
Nové náměstí,50.03168,14.598007
Bruselská,50.073006,14.433263
Dvorce,50.047024,14.414782
Nuselské schody,50.068268,14.435542
Teplárna Michle,50.05282,14.474681
Rousínovská,50.146225,14.571388
Brumlovka,50.047943,14.45477
Sídliště Jinonice,50.051064,14.365638
Čakovický zámek,50.151684,14.521517
Na Blanici,50.03689,14.582823
Poliklinika Čumpelíkova,50.126957,14.460493
Bořislavka,50.098568,14.364124
Krystalová,50.155357,14.52243
Kablo,50.062164,14.537574
Konvářka,50.05462,14.401834
Chodovská tvrz,50.033226,14.500105
Výstaviště,50.10435,14.431912
Botanická zahrada Malešice,50.08867,14.513969
Lipnická,50.112557,14.559362
Čechtická,50.02092,14.444842
Lukášova,50.088074,14.457593
Na Křečku,50.04418,14.567109
Jižní Město,50.034378,14.537989
Násirovo náměstí,50.00138,14.421616
Nad Trojou,50.120354,14.439337
Bílá Hora,50.07568,14.323181
Vožická,50.00937,14.493198
Obchodní centrum Hostivař,50.053757,14.519269
Na Bojišti,50.072857,14.427423
Opálová,50.021668,14.363988
Sídliště Lehovec,50.10326,14.548643
Ďáblický hřbitov,50.13759,14.478716
Želivského,50.078533,14.473886
Čechova čtvrť,50.002213,14.410177
Truhlářská,50.08946,14.428683
Kobyliská střelnice,50.130966,14.460742
Nádraží Běchovice,50.081146,14.598888
Brodecká,50.088806,14.323622
Malý Břevnov,50.076134,14.332546
Černická,50.08015,14.505984
Jizbická,50.110165,14.622798
Divadlo Na Fidlovačce,50.06474,14.436709
Zátišská,50.016716,14.410926
Hostavice,50.09012,14.56333
Záhorského,50.030365,14.370882
Škola Kolovraty,50.01117,14.627602
Grussova,50.034374,14.37071
Hasičská stanice Modřany,50.005962,14.439932
Pod Děvínem,50.053345,14.405689
Škola Řepy,50.06895,14.295912
Praha-Dolní Počernice,50.08828,14.569302
Domov seniorů Ďáblice,50.135544,14.474096
Balkán,50.094803,14.496246
Poliklinika Frýdecká,50.13862,14.508928
Kvasinská,50.062553,14.642573
Vozovna Kobylisy,50.13286,14.453828
U Prdlavky,50.081123,14.445635
Tusarova,50.10073,14.450172
Náměstí U Lva,50.0353,14.315677
U Waltrovky,50.05867,14.373299
Nemocnice Bohnice,50.137665,14.418087
K Juliáně,50.117786,14.301151
Norbertov,50.09115,14.377741
K Dubečku,50.055325,14.5644
Karlovy lázně,50.084667,14.413607
Chodovická,50.112618,14.617674
Chotkovy sady,50.095165,14.409044
Logistická zóna Horní Počernice,50.11541,14.591761
Koleje Jižní Město,50.01724,14.499903
Hybšmanka,50.077934,14.381201
Blatov,50.078747,14.645492
Palouček,50.061493,14.43721
Sídliště Zahradní Město,50.056877,14.513167
Klíčov,50.116818,14.514342
Blatiny,50.065746,14.30265
Praha-Kolovraty,50.013954,14.62579
Most Závodu míru,49.97277,14.39503
U Dálnice,50.020493,14.507401
Lahovičky,50.000176,14.395802
Kbelská,50.10527,14.532887
Stará Stodůlecká,50.049385,14.357301
Nádraží Žvahov - Prosluněná,50.044903,14.402256
Kuliška,50.107693,14.36442
Lahovický most,49.995434,14.398083
Podnikatelská,50.087376,14.617567
Vinořský hřbitov,50.14472,14.579728
Chmelnice,50.09252,14.4864
Urxova,50.0952,14.456741
Květinková,50.09028,14.489098
Radiová,50.069675,14.537297
Ke Smrčině,50.017777,14.52519
Filadelfie,50.04862,14.453198
Na Hvězdárně,50.004997,14.375214
Palackého náměstí,50.07274,14.414446
Zhořelecká,50.130993,14.417467
Zámky,50.13677,14.395045
Štěpařská,50.032272,14.373392
Selských baterií,50.073967,14.316343
Hutě,50.108627,14.557475
Na Mlýnku,50.111935,14.373442
Michelangelova,50.070225,14.509613
Bertramka,50.072235,14.392862
Za Čimickým hájem,50.135445,14.447542
Výtoň,50.067734,14.415654
Praha-Podbaba,50.11281,14.394747
Anděl,50.07126,14.403365
Kamenická,50.09964,14.428637
Výstaviště Letňany,50.128574,14.512837
U Vodojemu,50.122547,14.527329
U Mezníku,50.051106,14.623074
Nádraží Horní Měcholupy,50.04866,14.564873
Kesnerka,50.057884,14.402067
V Zátiší,50.02259,14.4327
Nevanova,50.066185,14.311344
Šimůnkova,50.132935,14.470473
Služská,50.124336,14.449883
Nad Zlíchovem,50.045235,14.404467
Sídliště Uhříněves,50.03115,14.611645
Háje,50.030518,14.526902
Zličín,50.054676,14.290154
Petržílova,49.999043,14.423217
Přístaviště,50.039806,14.409684
Středočeská,50.074394,14.407425
Praha-Dejvice,50.096977,14.399686
Kubánské náměstí,50.0707,14.477448
Karlovo náměstí,50.07529,14.418516
Na Proutcích,50.01319,14.502717
Hrnčířský hřbitov,50.002327,14.516439
Praha-Velká Chuchle,50.01134,14.388897
Litovický potok,50.088646,14.326757
U Počernického rybníka,50.084866,14.59374
Italská,50.078163,14.436041
Khodlova,50.110287,14.604071
V Zápolí,50.046684,14.468173
Štěchovická,50.072094,14.500773
Na Hůrce,50.077896,14.292375
Starochuchelská,50.01145,14.385867
Sídliště Baba,50.115974,14.386904
Pod Dálnicí,50.045,14.461594
Divadlo Horní Počernice,50.11685,14.621793
Praha-Čakovice,50.149044,14.519135
Brodského,50.03861,14.503559
Novodvorská,50.023308,14.440515
Ke Hrázi,50.086815,14.576322
Kačerov,50.041855,14.460325
Pod Lahovskou,49.991455,14.36562
Do Chuchle,50.017586,14.357061
K Teplárně,50.1688,14.521185
Přeštická,50.044693,14.512395
Boloňská,50.04773,14.556165
Na Hřebenech,50.051643,14.428255
Ruzyňský hřbitov,50.076027,14.312147
Malvazinky,50.06495,14.3888
Slatinová,50.037743,14.323399
Písnice,49.99116,14.468513
Blatnická,50.064125,14.270513
Nad Havlem,50.034092,14.448812
Pod Kesnerkou,50.05929,14.403062
Na Radosti,50.060516,14.298967
U Křížku,50.01598,14.35671
K Třebonicům,50.036686,14.299112
Nové Letňany,50.14093,14.520952
Jankovcova,50.10953,14.444365
Bulovka,50.11641,14.46795
Hostivařská,50.052765,14.529101
Vychovatelna,50.1184,14.464318
Arena Libeň jih,50.10289,14.494593
Darwinova,50.01081,14.409959
Dolnokrčská,50.0358,14.442333
Jeřická,50.1084,14.609234
Kateřinská,50.074337,14.426158
IKEM,50.0217,14.462351
Náměstí Olgy Scheinpflugové,50.03022,14.361761
Ke Koulce,50.06165,14.404573
Řezáčovo náměstí,50.100765,14.4372
Rychnovská,50.135124,14.514034
Na Smetance,50.08,14.437883
Praha-Holešovice zast.,50.106106,14.437323
Horní cesta,50.033268,14.39645
Sídliště Libuš,50.006027,14.454081
Za Avií,50.150818,14.514292
Toufarova,50.04242,14.309366
Braunova,50.061813,14.40187
Sídliště Prosek,50.122498,14.493733
Vinice,50.07687,14.488836
Laurová,50.061222,14.398432
Nový Prosek,50.12111,14.504042
Františka Veselého,50.12181,14.621569
Staré Bohnice,50.133575,14.415844
Na Vrstevnici,50.036545,14.435909
U Včely,49.96897,14.388445
Lužiny,50.044495,14.330442
Okrouhlická,50.11968,14.460331
Nové Komořany,49.992447,14.41968
U Nemocnice,50.07352,14.420931
Nad Rybníky,50.03705,14.447517
Myslíkova,50.078068,14.418499
U Studánky,49.998528,14.482804
Generála Janouška,50.102634,14.563926
Myšlínská,50.062164,14.534336
Platónova,49.998795,14.41676
Škola Šeberov,50.00647,14.516811
Letecké muzeum,50.12599,14.535893
Kbelský pivovar,50.130486,14.547281
Květnová,50.142708,14.477959
Českobrodská,50.091812,14.532964
Topolová,50.054077,14.507509
Malovanka,50.085506,14.382293
Hostýnská,50.081192,14.495524
Centrum Zahradní Město,50.056377,14.50688
Sedlecký přívoz,50.13335,14.393368
Práčská,50.053658,14.510127
Sídliště Krč,50.02298,14.451398
Výhledy,50.13719,14.368688
Nárožní,50.05342,14.330021
Bílá labuť,50.09026,14.435867
Lidečská,50.06076,14.30216
Krahulčí,50.107426,14.603806
Praha-Smíchov,50.06131,14.40813
Újezd,50.081154,14.404759
Kotlářka,50.06996,14.362337
Pod Karlovem,50.069168,14.432743
Sibeliova,50.092674,14.384192
Za Pavilonem,50.060936,14.588411
Poliklinika Na Dlouhém Lánu,50.096733,14.364944
Jahodnice,50.08753,14.557924
Drobná,50.072865,14.556255
Pod Mezí,50.026962,14.355278
Chýnovská,50.01635,14.450534
Hotel Golf,50.068066,14.346725
Zahrádky,50.027268,14.31245
Teplárna Třeboradice,50.16338,14.514757
Střelničná,50.12577,14.458929
Dopravní hřiště Vypich,50.08172,14.343912
Svatoňovická,50.083946,14.574297
Osecká,50.14633,14.448543
Novozámecká,50.089333,14.569764
Nad Pahorkem,50.042862,14.487783
Záběhlická škola,50.053032,14.50318
Budějovická,50.045063,14.448213
Oderská,50.146927,14.530258
K Horoměřicům,50.13231,14.368738
Bludovická,50.135994,14.511313
Ruská,50.07144,14.451325
Škola Dubeč,50.06292,14.590977
K Chatám,49.94793,14.375294
Arbesovo náměstí,50.076275,14.404833
Nuselská radnice,50.062866,14.441591
